* ******************************************************************************

* iCEcube Pin Table

* Version:            2017.08.27940

* Build Date:         Sep 11 2017 16:52:36

* File Generated:     Apr 11 2020 22:25:29

* Purpose:            Detailed IO and package pin info

* Copyright (C) 2006-2010 by Lattice Semiconductor Corp. All rights reserved.

* ******************************************************************************

Device, iCE40LP8K
Package, CM81

Pin Number, Pin Type Name, Signal Name, Direction, Global Buffer, IO Standard, Pull Up, IO Function, IO Bank, 
---------------, ---------------, ---------------, ---------------, ---------------, ---------------, ---------------, ---------------, ---------------, 
A1, PIO, not used, , , , , , topBank
A2, PIO, not used, , , , , , topBank
A3, PIO, not used, , , , , , topBank
A4, PIO, not used, , , , , , topBank
A5, VCCIO_0, not used, , , , , , topBank
A6, PIO, i2s_mclk_adc, Output, , SB_LVCMOS, No Pull Up, Simple Output, topBank
A7, PIO, i2s_lr_adc, Output, , SB_LVCMOS, No Pull Up, Simple Output, topBank
A8, PIO, i2s_mclk_dac, Output, , SB_LVCMOS, No Pull Up, Simple Output, topBank
A9, PIO, i2s_lr_dac, Output, , SB_LVCMOS, No Pull Up, Simple Output, rightBank
B1, PIO, not used, , , , , , leftBank
B2, PIO, clk_16mhz, Input, , SB_LVCMOS, No Pull Up, Simple Input, leftBank
B3, PIO, not used, , , , , , topBank
B4, PIO, not used, , , , , , topBank
B5, PIO, not used, , , , , , topBank
B6, PIO, i2s_bclk_adc, Output, , SB_LVCMOS, No Pull Up, Simple Output, topBank
B7, PIO, i2s_din, Input, , SB_LVCMOS, No Pull Up, Simple Input, topBank
B8, PIO, i2s_bclk_dac, Output, , SB_LVCMOS, No Pull Up, Simple Output, topBank
B9, PIO, not used, , , , , , rightBank
C1, PIO, not used, , , , , , leftBank
C2, PIO, not used, , , , , , leftBank
C3, PIO, not used, , , , , , leftBank
C4, PIO_GBIN, not used, , , , , , topBank
C5, PIO_GBIN, not used, , , , , , topBank
C6, VCCIO_1, not used, , , , , , rightBank
C7, VPP_DIRECT, not used, , , , , , UnknownBank
C8, VPP_PUMP, not used, , , , , , UnknownBank
C9, PIO, i2s_dout, Output, , SB_LVCMOS, No Pull Up, Simple Output, rightBank
D1, PIO, not used, , , , , , leftBank
D2, PIO, not used, , , , , , leftBank
D3, PIO_GBIN, not used, , , , , , leftBank
D4, VCC, not used, , , , , , UnknownBank
D5, PIO, not used, , , , , , topBank
D6, PIO, not used, , , , , , rightBank
D7, PIO, not used, , , , , , rightBank
D8, PIO_GBIN, not used, , , , , , rightBank
D9, PIO, not used, , , , , , rightBank
E1, PIO, not used, , , , , , leftBank
E2, PIO, not used, , , , , , leftBank
E3, PIO_GBIN, not used, , , , , , leftBank
E4, PIO, not used, , , , , , leftBank
E5, PIO, not used, , , , , , topBank
E6, CDONE, not used, , , , , , bottomBank
E7, PIO, not used, , , , , , rightBank
E8, PIO_GBIN, not used, , , , , , rightBank
E9, VCC, not used, , , , , , UnknownBank
F1, PIO, not used, , , , , , leftBank
F2, VCC, not used, , , , , , UnknownBank
F3, PIO, not used, , , , , , leftBank
F4, GND, not used, , , , , , UnknownBank
F5, GND, not used, , , , , , UnknownBank
F6, GND, not used, , , , , , UnknownBank
F7, SPI_SS_B, not used, , , , , , bottomBank
F8, PIO, not used, , , , , , rightBank
F9, GND, not used, , , , , , UnknownBank
G1, PIO, not used, , , , , , leftBank
G2, PIO, not used, , , , , , leftBank
G3, PIO, not used, , , , , , leftBank
G4, PIO_GBIN, not used, , , , , , bottomBank
G5, PIO, not used, , , , , , bottomBank
G6, SPI_SO, not used, , , , , , bottomBank
G7, SPI_SCK, not used, , , , , , bottomBank
G8, PIO, not used, , , , , , rightBank
G9, PIO, not used, , , , , , rightBank
H1, PIO, not used, , , , , , bottomBank
H2, PIO, not used, , , , , , leftBank
H3, VCCIO_3, not used, , , , , , leftBank
H4, PIO_GBIN, not used, , , , , , bottomBank
H5, PIO, not used, , , , , , bottomBank
H6, CRESET_B, not used, , , , , , bottomBank
H7, SPI_SI, not used, , , , , , bottomBank
H8, VDDIO_SPI, not used, , , , , , bottomBank
H9, PIO, not used, , , , , , rightBank
J1, PIO, not used, , , , , , bottomBank
J2, PIO, not used, , , , , , bottomBank
J3, PIO, not used, , , , , , bottomBank
J4, PIO, not used, , , , , , bottomBank
J5, VCCIO_2, not used, , , , , , bottomBank
J6, AGND_BOT, not used, , , , , , UnknownBank
J7, AVDD_BOT, not used, , , , , , UnknownBank
J8, PIO, not used, , , , , , rightBank
J9, PIO, not used, , , , , , rightBank
Total Number of Used Pins, 9
